City,cbo_name
Anaheim,"Access California Services, CAIR-LA, CAP OC, Clergy and Laity United for Economic Justice, Institute for Healthcare Advancement , Jamboree Housing Corporation, KCS, NALEO Educational Fund, OC Human Relations, OC Labor , OCAPICA, OCCCO, Orange County United Way, Project Access, South Asian Network, The LGBTQ Center OC"
Brea,"CAP OC, Jamboree Housing Corporation"
Buena Park,"CHIRLA, Jamboree Housing Corporation, KCS, OCCCO, Orange County Labor Federation, South Asian Network"
Costa Mesa,"AASCSC, OCAPICA, OCCCO, Orange County Labor Federation, The Cambodian Family, "
Cypress,"Orange County United Way, Project Access"
Fountain Valley,"CAP OC, OC Herald Center, Southland Integrated Services, Inc., The Cambodian Family"
Fullerton,"Access California Services, CAIR-LA, CAP OC, Discovery Cube OC, Jamboree Housing Corporation, KCS, OC Human Relations, OCCCO"
Garden Grove,"Access California Services, AltaMed, Boys & Girls Clubs of Garden Grove, CAIR-LA, CAP OC, Jamboree Housing Corporation, KCS, OC Human Relations, OCAPICA, OCCCO, Southland Integrated Services, Inc., , "
Huntington Beach,"AltaMed, Jamboree Housing Corporation, OCCCO, Orange County Labor Federation"
Irvine,"AASCSC, CAIR-LA, CAP OC, Council on Americans Islamic Relations, Jamboree Housing Corporation, KCS, OC Herald Center, Orange County Labor Federation, Orange County United Way"
La Habra,Institute for Healthcare Advancement 
Laguna Beach,Jamboree Housing Corporation
Laguna Niguel,Orange County United Way
Lake Forest,"Orange County United Way, WAVE"
Mission Viejo,"CAIR-LA, Jamboree Housing Corporation, OCCCO"
Newport Beach,Orange County United Way
Orange,"AASCSC, AltaMed, CAIR-LA, California Healthy Nail Salon Collaborative, CAP OC, Catholic Charities of Orange County, CHIRLA, Clergy and Laity United for Economic Justice, Community Health Initiative of Orange County, Help Me Grow, Hope Community Services , KCS, Latino Health Access, OC Human Relations, Orange County Labor Federation , Orange County United Way, South Asian Network, Southland Integrated Services, Inc., The Cambodian Family, VietRISE, WAVE"
Placentia,"CAP OC , OC Human Relations, OCCCO"
Rancho Santa Margarita,OCCCO
San Clemente,Jamboree Housing Corporation
San Juan Capistrano,WAVE
Santa Ana,"AASCSC, AltaMed, CAP OC, Catholic Charities of Orange County, Charitable Ventures, Clergy and Laity United for Economic Justice, Coalition of Orange County Community Health Centers , Community Health Initiative of Orange County , Latino Health Access, MOMS Orange County, NALEO, OC Herald Center, OC Human Relations, OCAPICA, OCCCO, Orange County Labor Federation, Orange County United Way, Project Access, Southland Integrated Services, Inc, The Cambodian Family, The LGBTQ Center OC"
Stanton,"Southland Integrated Services, Inc."
Tustin,"CAP OC, OC Human Relations"
Westminster,"AASCSC, Access California Services, California Healthy Nail Salon Collaborative, CAP OC, MOMS Orange County, OCAPICA, Orange County United Way, Southland Integrated Services, Inc. , VietRISE"
